Position,Player,Team,Seasons,GP,Goals,Assists,Points,PIM
#1,Aaron Ekblad (D),Florida Panthers,11,732,118,262,380,505
#2,Sam Reinhart (F),Buffalo Sabres,11,774,292,325,617,173
#3,Leon Draisaitl (F),Edmonton Oilers,11,790,399,557,956,340
#4,Sam Bennett (F),Calgary Flames,11,689,162,173,335,668
#5,Michael Dal Colle (F),New York Islanders,5,112,8,13,21,18
#6,Jake Virtanen (F),Vancouver Canucks,6,317,55,45,100,219
#7,Haydn Fleury (D),Carolina Hurricanes,8,307,10,34,44,85
#8,William Nylander (F),Toronto Maple Leafs,10,683,262,350,612,182
#9,Nikolaj Ehlers (F),Winnipeg Jets,10,674,225,295,520,222
#10,Nick Ritchie (F),Anaheim Ducks,8,481,84,102,186,483
#11,Kevin Fiala (F),Nashville Predators,11,648,210,274,484,369
#12,Brendan Perlini (F),Arizona Coyotes,5,262,50,31,81,92
#13,Jakub Vrána (F),Washington Capitals,9,404,118,104,222,109
#14,Julius Honka (D),Dallas Stars,3,87,2,11,13,28
#15,Dylan Larkin (F),Detroit Red Wings,10,731,241,331,572,449
#16,Sonny Milano (F),Columbus Blue Jackets,10,313,62,75,137,74
#17,Travis Sanheim (D),Philadelphia Flyers,8,577,54,159,213,259
#18,Alex Tuch (F),Minnesota Wild,9,534,166,214,380,204
#19,Tony DeAngelo (D),Tampa Bay Lightning,9,404,52,177,229,337
#20,Nick Schmaltz (F),Chicago Blackhawks,9,586,141,280,421,126
#21,Robby Fabbri (F),St. Louis Blues,10,442,106,110,216,203
#22,Kasperi Kapanen (F),Pittsburgh Penguins,10,525,90,131,221,126
#23,Conner Bleackley (F),Colorado Avalanche,,,,,,
#24,Jared McCann (F),Vancouver Canucks,10,667,184,213,397,218
#25,David Pastrnak (F),Boston Bruins,11,755,390,441,831,342
#26,Nikita Scherbak (F),Montréal Canadiens,3,37,6,2,8,10
#27,Nikolai Goldobin (F),San Jose Sharks,5,125,19,27,46,24
#28,Josh Ho-Sang (F),New York Islanders,3,53,7,17,24,20
#29,Adrian Kempe (F),Los Angeles Kings,9,628,192,204,396,371
#30,John Quenneville (F),New Jersey Devils,4,42,2,3,5,6
#31,Brendan Lemieux (F),Buffalo Sabres,7,307,36,38,74,548
#32,Jayce Hawryluk (F),Florida Panthers,3,98,12,15,27,41
#33,Ivan Barbashyov (F),St. Louis Blues,9,584,126,163,289,186
#34,Mason McDonald (G),Calgary Flames,,,,,,
#35,Dominik Masin (D),Tampa Bay Lightning,,,,,,
#36,Thatcher Demko (G),Vancouver Canucks,9,242,-,-,-,-
#37,Alex Nedeljkovic (G),Carolina Hurricanes,8,178,-,-,-,-
#38,Marcus Pettersson (D),Anaheim Ducks,8,520,18,144,162,312
#39,Vítek Vaněček (G),Washington Capitals,6,187,-,-,-,-
#40,Andreas Englund (D),Ottawa Senators,7,196,2,18,20,188
#41,Josh Jacobs (D),New Jersey Devils,2,3,0,0,0,2
#42,Vladislav Kamenev (F),Nashville Predators,4,66,3,10,13,20
#43,Ryan MacInnis (F),Arizona Coyotes,3,27,0,1,1,0
#44,Eric Cornel (F),Buffalo Sabres,,,,,,
#45,Brett Pollock (F),Dallas Stars,,,,,,
#46,Julius Bergman (D),San Jose Sharks,,,,,,
#47,Ryan Collins (D),Columbus Blue Jackets,,,,,,
#48,Nicolas Aubé-Kubel (F),Philadelphia Flyers,7,304,32,48,80,202
#49,Vaclav Karabacek (F),Buffalo Sabres,,,,,,
#50,Roland McKeown (D),Los Angeles Kings,2,16,0,3,3,27
#51,Jack Dougherty (D),Nashville Predators,,,,,,
#52,Maxim Letunov (F),St. Louis Blues,1,3,1,0,1,0
#53,Noah Rod (F),San Jose Sharks,,,,,,
#54,Hunter Smith (F),Calgary Flames,,,,,,
#55,Brandon Montour (D),Anaheim Ducks,9,600,83,209,292,451
#56,Ryan Donato (F),Boston Bruins,8,481,108,118,226,179
#57,John MacLeod (D),Tampa Bay Lightning,,,,,,
#58,Christian Dvorak (F),Arizona Coyotes,9,532,105,144,249,120
#59,Brandon Halverson (G),New York Rangers,3,2,-,-,-,-
#60,Alex Lintuniemi (D),Los Angeles Kings,,,,,,
#61,Jonas Johansson (G),Buffalo Sabres,6,79,-,-,-,-
#62,Justin Kirkland (F),Nashville Predators,3,30,2,6,8,11
#63,Dominic Turgeon (F),Detroit Red Wings,2,9,0,0,0,2
#64,Brandon Hickey (D),Calgary Flames,,,,,,
#65,Juho Lammikko (F),Florida Panthers,3,159,11,15,26,30
#66,Nikita Tryamkin (D),Vancouver Canucks,2,79,3,8,11,74
#67,Warren Foegele (F),Carolina Hurricanes,8,510,102,104,206,193
#68,Rinat Valiyev (D),Toronto Maple Leafs,2,12,0,0,0,2
#69,Jack Glover (D),Winnipeg Jets,,,,,,
#70,Miles Gendron (D),Ottawa Senators,,,,,,
#71,Connor Chatham (F),New Jersey Devils,,,,,,
#72,Alex Schoenborn (F),San Jose Sharks,,,,,,
#73,Brett Lernout (D),Montréal Canadiens,3,21,0,1,1,6
#74,Brycen Martin (D),Buffalo Sabres,,,,,,
#75,Alex Peters (D),Dallas Stars,,,,,,
#76,Elvis Merzlikins (G),Columbus Blue Jackets,6,244,-,-,-,-
#77,Blake Siebenaler (D),Columbus Blue Jackets,,,,,,
#78,Ilya Sorokin (G),New York Islanders,5,252,-,-,-,-
#79,Brayden Point (F),Tampa Bay Lightning,9,655,305,327,632,149
#80,Louie Belpedio (D),Minnesota Wild,4,16,2,4,6,0
#81,Dylan Sadowy (F),San Jose Sharks,,,,,,
#82,Jake Walman (D),St. Louis Blues,6,267,32,59,91,149
#83,Matt Iacopelli (F),Chicago Blackhawks,,,,,,
#84,Kyle Wood (D),Colorado Avalanche,,,,,,
#85,Keegan Iverson (F),New York Rangers,,,,,,
#86,Mark Friedman (D),Philadelphia Flyers,7,93,4,9,13,80
#87,Anton Karlsson (F),Arizona Coyotes,,,,,,
#88,Beau Starrett (F),Chicago Blackhawks,,,,,,
#89,Nathan Walker (F),Washington Capitals,8,228,28,28,56,120
#90,Michael Amadio (F),Los Angeles Kings,8,439,68,70,138,89
#91,William Lagesson (D),Edmonton Oilers,5,105,0,12,12,56
#92,Joe Wegwerth (F),Florida Panthers,,,,,,
#93,Nick Magyar (F),Colorado Avalanche,,,,,,
#94,Ville Husso (G),St. Louis Blues,6,144,-,-,-,-
#95,Linus Söderström (G),New York Islanders,,,,,,
#96,Josh Wesley (D),Carolina Hurricanes,,,,,,
#97,Lucas Wallmark (F),Carolina Hurricanes,5,187,23,36,59,64
#98,Fredrik Olofsson (F),Chicago Blackhawks,2,85,4,9,13,10
#99,Chase De Leo (F),Winnipeg Jets,5,7,0,0,0,0
#100,Shane Eiserman (F),Ottawa Senators,,,,,,
#101,Nelson Nogier (D),Winnipeg Jets,2,11,0,0,0,5
#102,Alexis Vanier (D),San Jose Sharks,,,,,,
#103,J.J. Piccinich (F),Toronto Maple Leafs,,,,,,
#104,Ryan Mantha (D),New York Rangers,,,,,,
#105,Michael Prapavessis (D),Dallas Stars,,,,,,
#106,Christoffer Ehn (F),Detroit Red Wings,2,114,5,8,13,8
#107,Julien Pelletier (F),Columbus Blue Jackets,,,,,,
#108,Devon Toews (D),New York Islanders,7,473,62,216,278,126
#109,Kaapo Kähkönen (G),Minnesota Wild,7,140,-,-,-,-
#110,Austin Poganski (F),St. Louis Blues,3,22,0,0,0,7
#111,Zach Nagelvoort (G),Edmonton Oilers,,,,,,
#112,Viktor Arvidsson (F),Nashville Predators,11,611,194,195,389,252
#113,Sam Lafferty (F),Pittsburgh Penguins,6,347,40,50,90,178
#114,Alexis Pépin (F),Colorado Avalanche,,,,,,
#115,Brent Moran (G),Dallas Stars,,,,,,
#116,Danton Heinen (F),Boston Bruins,9,565,95,145,240,131
#117,Michael Bunting (F),Arizona Coyotes,6,342,94,124,218,322
#118,Igor Shestyorkin (G),New York Rangers,6,273,-,-,-,-
#119,Ben Thomas (D),Tampa Bay Lightning,1,5,0,0,0,0
#120,Steven Johnson (D),Los Angeles Kings,,,,,,
#121,Max Willman (F),Buffalo Sabres,3,68,7,3,10,22
#122,Richard Nejezchleb (F),New York Rangers,,,,,,
#123,Matthew Berkovitz (D),Anaheim Ducks,,,,,,
#124,Jaedon Descheneau (F),St. Louis Blues,,,,,,
#125,Nikolas Koberstein (D),Montréal Canadiens,,,,,,
#126,Gustav Forsling (D),Vancouver Canucks,8,476,57,134,191,165
#127,Clark Bishop (F),Carolina Hurricanes,5,53,2,7,9,20
#128,Dakota Joshua (F),Toronto Maple Leafs,5,239,40,38,78,181
#129,C.J. Suess (F),Winnipeg Jets,3,5,0,0,0,4
#130,Liam Coughlin (F),Edmonton Oilers,,,,,,
#131,Ryan Rehill (D),New Jersey Devils,,,,,,
#132,Joonas Lyytinen (D),Nashville Predators,,,,,,
#133,Dysin Mayo (D),Arizona Coyotes,2,82,4,8,12,35
#134,Shane Gersich (F),Washington Capitals,1,3,0,1,1,0
#135,Miro Karjalainen (D),Dallas Stars,,,,,,
#136,Chase Perry (G),Detroit Red Wings,,,,,,
#137,Tyler Bird (F),Columbus Blue Jackets,,,,,,
#138,Oskar Lindblom (F),Philadelphia Flyers,7,337,56,56,112,81
#139,Tanner Faith (D),Minnesota Wild,,,,,,
#140,Daniel Walcott (F),New York Rangers,1,1,0,0,0,5
#141,Luc Snuggerud (D),Chicago Blackhawks,,,,,,
#142,Tyler Nanne (D),New York Rangers,,,,,,
#143,Miguel Fidler (F),Florida Panthers,,,,,,
#144,Anton Lindholm (D),Colorado Avalanche,4,66,0,5,5,16
#145,Anthony Angello (F),Pittsburgh Penguins,3,31,3,2,5,14
#146,Anders Bjork (F),Boston Bruins,6,225,26,35,61,44
#147,Daniel Audette (F),Montréal Canadiens,,,,,,
#148,Andreas Söderberg (D),Chicago Blackhawks,,,,,,
#149,Rourke Chartier (F),San Jose Sharks,3,56,3,1,4,16
#150,Alec Dillon (G),Los Angeles Kings,,,,,,
#151,Christopher Brown (F),Buffalo Sabres,,,,,,
#152,J.D. Dudek (F),New Jersey Devils,,,,,,
#153,Tyler Vesel (F),Edmonton Oilers,,,,,,
#154,Aaron Haydon (D),Dallas Stars,,,,,,
#155,Kyle Schempp (F),New York Islanders,,,,,,
#156,Kyle Pettit (F),Vancouver Canucks,,,,,,
#157,Jake Marchment (F),Los Angeles Kings,,,,,,
#158,Nolan Vesey (F),Toronto Maple Leafs,,,,,,
#159,Steven Spinner (F),Washington Capitals,,,,,,
#160,Pontus Själin (D),Minnesota Wild,,,,,,
#161,Brandon Baddock (F),New Jersey Devils,1,1,0,0,0,0
#162,Aaron Irving (D),Nashville Predators,,,,,,
#163,David Westlund (D),Arizona Coyotes,,,,,,
#164,Pavel Kraskovsky (F),Winnipeg Jets,,,,,,
#165,John Nyberg (D),Dallas Stars,,,,,,
#166,Julius Vähätalo (F),Detroit Red Wings,,,,,,
#167,Chase Lang (F),Minnesota Wild,,,,,,
#168,Radel Fazleyev (F),Philadelphia Flyers,,,,,,
#169,Reid Duke (F),Minnesota Wild,,,,,,
#170,Cristiano DiGiacinto (F),Tampa Bay Lightning,,,,,,
#171,Kevin Labanc (F),San Jose Sharks,9,512,84,153,237,229
#172,C.J. Yakimowicz (F),St. Louis Blues,,,,,,
#173,Jaden Lindo (F),Pittsburgh Penguins,,,,,,
#174,Maximilian Pajpach (G),Colorado Avalanche,,,,,,
#175,Adam Ollas Mattsson (D),Calgary Flames,,,,,,
#176,Sammy Blais (F),St. Louis Blues,7,257,27,44,71,122
#177,Hayden Hawkey (G),Montréal Canadiens,,,,,,
#178,Dylan Sikura (F),Chicago Blackhawks,5,58,3,14,17,0
#179,Ivan Nalimov (G),Chicago Blackhawks,,,,,,
#180,Matt Mistele (F),Los Angeles Kings,,,,,,
#181,Victor Olofsson (F),Buffalo Sabres,7,368,104,105,209,44
#182,Hugo Fagerblom (G),Florida Panthers,,,,,,
#183,Keven Bouchard (G),Edmonton Oilers,,,,,,
#184,Austin Carroll (F),Calgary Flames,,,,,,
#185,Cam Darcy (F),Tampa Bay Lightning,,,,,,
#186,Mackenze Stewart (D),Vancouver Canucks,,,,,,
#187,Kyle Jenkins (D),Carolina Hurricanes,,,,,,
#188,Pierre Engvall (F),Toronto Maple Leafs,6,378,65,70,135,117
#189,Kelly Summers (D),Ottawa Senators,,,,,,
#190,Francis Perron (F),Ottawa Senators,,,,,,
#191,Jared Fiegl (F),Arizona Coyotes,,,,,,
#192,Matt Ustaski (F),Winnipeg Jets,,,,,,
#193,Edgars Kulda (F),Arizona Coyotes,,,,,,
#194,Kevin Elgestål (F),Washington Capitals,,,,,,
#195,Patrick Sanvido (D),Dallas Stars,,,,,,
#196,Axel Holmström (F),Detroit Red Wings,,,,,,
#197,Olivier LeBlanc (D),Columbus Blue Jackets,,,,,,
#198,Jesper Pettersson (D),Philadelphia Flyers,,,,,,
#199,Pavel Jenys (F),Minnesota Wild,,,,,,
#200,Lukas Sutter (F),New York Islanders,,,,,,
#201,Alexander Kadeikin (F),Detroit Red Wings,,,,,,
#202,Dwyer Tschantz (F),St. Louis Blues,,,,,,
#203,Jeff Taylor (D),Pittsburgh Penguins,,,,,,
#204,Julien Nantel (F),Colorado Avalanche,,,,,,
#205,Ondrej Kase (F),Anaheim Ducks,7,258,57,67,124,62
#206,Emil Johansson (D),Boston Bruins,,,,,,
#207,Jake Evans (F),Montréal Canadiens,6,348,39,88,127,113
#208,Jack Ramsey (D),Chicago Blackhawks,,,,,,
#209,Spencer Watson (F),Los Angeles Kings,,,,,,
#210,Jacob Middleton (D),Los Angeles Kings,7,305,22,55,77,284
